{
  "confusion_matrix": [
    [
      277,
      91,
      17,
      15
    ],
    [
      17,
      290,
      24,
      69
    ],
    [
      1,
      10,
      388,
      1
    ],
    [
      4,
      4,
      0,
      392
    ]
  ],
  "per_class": {
    "precision": [
      0.9264214046822743,
      0.7341772151898734,
      0.9044289044289044,
      0.8218029350104822
    ],
    "recall": [
      0.6925,
      0.725,
      0.97,
      0.98
    ],
    "f1": [
      0.7925608011444922,
      0.7295597484276729,
      0.9360675512665863,
      0.8939566704675027
    ],
    "support": [
      400,
      400,
      400,
      400
    ]
  },
  "macro_avg": {
    "precision": 0.8467076148278836,
    "recall": 0.841875,
    "f1": 0.8380361928265635
  },
  "weighted_avg": {
    "precision": 0.8467076148278836,
    "recall": 0.841875,
    "f1": 0.8380361928265634
  },
  "accuracy": 0.841875,
  "class_names": [
    "glioma",
    "meningioma",
    "notumor",
    "pituitary"
  ]
}